{"User1": [{"Name": "Tandoori Chinken", "Quantity": 1, "Price": 48, "Discount": 20, "Stock": 5, "Unit Type (ex: ml or piece or gm)": "ml", "custom_id": 1, "Item_id": "Item1"}, {"Name": "Chinken 65", "Quantity": 1, "Price": 48, "Discount": 20, "Stock": 5, "Unit Type (ex: ml or piece or gm)": "ml", "custom_id": 1, "Item_id": "Item2"}], "User2": [{"Name": "Tandoori Chinken", "Quantity": 1, "Price": 48, "Discount": 20, "Stock": 5, "Unit Type (ex: ml or piece or gm)": "ml", "custom_id": 1, "Item_id": "Item1"}, {"Name": "Chinken 65", "Quantity": 1, "Price": 48, "Discount": 20, "Stock": 5, "Unit Type (ex: ml or piece or gm)": "ml", "custom_id": 1, "Item_id": "Item2"}, {"Name": "Tandoori Chinken", "Quantity": 1, "Price": 48, "Discount": 20, "Stock": 5, "Unit Type (ex: ml or piece or gm)": "ml", "custom_id": 1, "Item_id": "Item1"}, {"Name": "Chinken 65", "Quantity": 1, "Price": 48, "Discount": 20, "Stock": 5, "Unit Type (ex: ml or piece or gm)": "ml", "custom_id": 1, "Item_id": "Item2"}, {"Name": "Tandoori Chinken", "Quantity": 1, "Price": 48, "Discount": 20, "Stock": 5, "Unit Type (ex: ml or piece or gm)": "ml", "custom_id": 1, "Item_id": "Item1"}, {"Name": "Chinken 65", "Quantity": 1, "Price": 48, "Discount": 20, "Stock": 5, "Unit Type (ex: ml or piece or gm)": "ml", "custom_id": 1, "Item_id": "Item2"}, {"Name": "Tandoori Chinken", "Quantity": 1, "Price": 48, "Discount": 20, "Stock": 5, "Unit Type (ex: ml or piece or gm)": "ml", "custom_id": 1, "Item_id": "Item1"}, {"Name": "Chinken 65", "Quantity": 1, "Price": 48, "Discount": 20, "Stock": 5, "Unit Type (ex: ml or piece or gm)": "ml", "custom_id": 1, "Item_id": "Item2"}, {"Name": "Tandoori Chinken", "Quantity": 1, "Price": 48, "Discount": 20, "Stock": 0, "Unit Type (ex: ml or piece or gm)": "ml", "custom_id": 1, "Item_id": "Item1"}, {"Name": "Chinken 65", "Quantity": 1, "Price": 48, "Discount": 20, "Stock": 5, "Unit Type (ex: ml or piece or gm)": "ml", "custom_id": 1, "Item_id": "Item2"}, {"Name": "Chinken 65", "Quantity": 1, "Price": 48, "Discount": 20, "Stock": 5, "Unit Type (ex: ml or piece or gm)": "ml", "custom_id": 1, "Item_id": "Item2"}, {"Name": "Chinken 65", "Quantity": 1, "Price": 48, "Discount": 20, "Stock": 5, "Unit Type (ex: ml or piece or gm)": "ml", "custom_id": 1, "Item_id": "Item2"}, {"Name": "Chinken 65", "Quantity": 1, "Price": 48, "Discount": 20, "Stock": 5, "Unit Type (ex: ml or piece or gm)": "ml", "custom_id": 1, "Item_id": "Item2"}, {"Name": "Chinken 65", "Quantity": 1, "Price": 48, "Discount": 20, "Stock": 5, "Unit Type (ex: ml or piece or gm)": "ml", "custom_id": 1, "Item_id": "Item2"}, {"Name": "Chinken 65", "Quantity": 1, "Price": 48, "Discount": 20, "Stock": 5, "Unit Type (ex: ml or piece or gm)": "ml", "custom_id": 1, "Item_id": "Item2"}, {"Name": "Chinken 65", "Quantity": 1, "Price": 48, "Discount": 20, "Stock": 5, "Unit Type (ex: ml or piece or gm)": "ml", "custom_id": 1, "Item_id": "Item2"}, {"Name": "Chinken 65", "Quantity": 1, "Price": 48, "Discount": 20, "Stock": 4, "Unit Type (ex: ml or piece or gm)": "ml", "custom_id": 1, "Item_id": "Item2"}, {"Name": "Tandoori Chinken", "Quantity": 1, "Price": 48, "Discount": 20, "Stock": 0, "Unit Type (ex: ml or piece or gm)": "ml", "custom_id": 1, "Item_id": "Item1"}, {"Name": "Chinken 65", "Quantity": 1, "Price": 48, "Discount": 20, "Stock": 3, "Unit Type (ex: ml or piece or gm)": "ml", "custom_id": 1, "Item_id": "Item2"}, {"Name": "Chinken 65", "Quantity": 1, "Price": 48, "Discount": 20, "Stock": 2, "Unit Type (ex: ml or piece or gm)": "ml", "custom_id": 1, "Item_id": "Item2"}, {"Name": "Chinken 65", "Quantity": 1, "Price": 48, "Discount": 20, "Stock": 1, "Unit Type (ex: ml or piece or gm)": "ml", "custom_id": 1, "Item_id": "Item2"}, {"Name": "Chinken 65", "Quantity": 1, "Price": 48, "Discount": 20, "Stock": 0, "Unit Type (ex: ml or piece or gm)": "ml", "custom_id": 1, "Item_id": "Item2"}, {"Name": "Tandoori Chinken", "Quantity": 1, "Price": 48, "Discount": 20, "Stock": 1, "Unit Type (ex: ml or piece or gm)": "ml", "custom_id": 1, "Item_id": "Item1"}, {"Name": "Chinken 65", "Quantity": 1, "Price": 48, "Discount": 20, "Stock": 2, "Unit Type (ex: ml or piece or gm)": "ml", "custom_id": 1, "Item_id": "Item2"}, {"Name": "Tandoori Chinken", "Quantity": 1, "Price": 48, "Discount": 20, "Stock": 0, "Unit Type (ex: ml or piece or gm)": "ml", "custom_id": 1, "Item_id": "Item1"}, {"Name": "Chinken 65", "Quantity": 1, "Price": 48, "Discount": 20, "Stock": 1, "Unit Type (ex: ml or piece or gm)": "ml", "custom_id": 1, "Item_id": "Item2"}], "User3": [{"Name": "Tandoori Chinken", "Quantity": 1, "Price": 48, "Discount": 20, "Stock": 8, "Unit Type (ex: ml or piece or gm)": "ml", "custom_id": 1, "Item_id": "Item1"}, {"Name": "Chinken 65", "Quantity": 1, "Price": 48, "Discount": 20, "Stock": 108, "Unit Type (ex: ml or piece or gm)": "ml", "custom_id": 1, "Item_id": "Item2"}, {"Name": "Vegan Burger", "Quantity": 1, "Price": 320, "Discount": 30, "Stock": 34, "Unit Type (ex: ml or piece or gm)": "piece", "custom_id": 2, "Item_id": "Item2"}, {"Name": "Tandoori Chicken", "Quantity": 4, "Price": 240, "Discount": 60, "Stock": 24, "Unit Type (ex: ml or piece or gm)": "pieces", "custom_id": 1, "Item_id": "Item1"}, {"Name": "Vegan Burger", "Quantity": 1, "Price": 320, "Discount": 30, "Stock": 32, "Unit Type (ex: ml or piece or gm)": "piece", "custom_id": 2, "Item_id": "Item2"}, {"Name": "Tandoori Chicken", "Quantity": 4, "Price": 240, "Discount": 60, "Stock": 22, "Unit Type (ex: ml or piece or gm)": "pieces", "custom_id": 1, "Item_id": "Item1"}, {"Name": "Truffle Cake", "Quantity": 500, "Price": 900, "Discount": 100, "Stock": 29, "Unit Type (ex: ml or piece or gm)": "gm", "custom_id": 3, "Item_id": "Item3"}]}