{
  "User3": {
    "Name": "Arun vyshu",
    "Phone": 1234567890,
    "Email": "arunvyshu.122@gmail.com",
    "Address": "3-41, kakinada, AP",
    "Password": "Arunvyshu@122",
    "custom_id": 3
  },
  "User2": {
    "Name": "Uma mahesware",
    "Phone": 1231231231,
    "Email": "test@gmail.com",
    "Address": "some place on earth",
    "Password": "Test@123",
    "custom_id": 2
  },
  "User1": {
    "Name": "Arun sai gandham",
    "Phone": 9121855669,
    "Email": "testing@gmail.com",
    "Address": "3-41,nallavare street thimmpuram ,kakinada",
    "Password": "Test@123",
    "custom_id": 1
  }
}